{
  "pdb_file": "C:/Users/Kashish Singh/OneDrive - MRC Laboratory of Molecular Biology/Documents/Carter_lab/Projects/Egalitarian/Journal_submission/Maps/20250121_Final_models/Bending_analysis/TLS/trajectories/TLS-refi052_R5_refi01_model10-map-A_final_chainE_curves_X.pdb",
  "set1_indices": [
    8,
    9,
    10,
    11,
    12,
    13,
    14
  ],
  "set2_indices": [
    0,
    1,
    2,
    3,
    4,
    5,
    6
  ],
  "line1_center": [
    130.4358673095703,
    119.31028747558594,
    154.64158630371094
  ],
  "line1_direction": [
    -0.10739739239215851,
    -0.9600625038146973,
    0.25835201144218445
  ],
  "line2_center": [
    133.11671447753906,
    139.9911346435547,
    145.0201416015625
  ],
  "line2_direction": [
    -0.19435544312000275,
    -0.8131721615791321,
    0.5486136674880981
  ],
  "angle_degrees": 19.38582996087429
}